,rank,sum_expose,sum_click,ctr
1265,1,1335019,220632,0.16526506364328802
1148,2,1299373,118115,0.09090153481717701
663,3,1050868,84988,0.080874096461211
84,4,940139,59247,0.06301940457740801
805,5,885478,44943,0.05075563706834001
529,6,846866,39698,0.046876365328162
1966,7,820937,34974,0.042602538319018
1735,8,803311,28458,0.035425881134454
1552,9,787532,25816,0.032780890173351
209,10,773163,23116,0.029897964594787003
541,11,762855,20699,0.027133596817219004
1865,12,754460,19697,0.026107414574662
1786,13,747127,17366,0.023243705554745003
1421,14,740232,15528,0.020977207145867
382,15,734949,14659,0.019945601667598
1383,16,730582,13962,0.019110791122693
1047,17,727751,12801,0.01758980750284
785,18,725839,12235,0.016856355197226003
16,19,724580,11658,0.016089320709928003
890,20,722185,12150,0.016823944003267
1464,21,609372,9824,0.016121515264895
354,22,608051,9354,0.015383578022238002
1203,23,434224,8748,0.020146283945613002
1170,24,430774,8044,0.018673364687748002
699,25,427709,8226,0.019232702608549
0,26,424879,7779,0.018308742018315
871,27,421784,7552,0.017904899190106002
457,28,419398,7134,0.017010095422486
1949,29,417195,6659,0.015961360994259002
1621,30,415354,6215,0.014963139875864001
877,31,413482,6033,0.014590719789495001
400,32,411956,5875,0.014261231782034001
1897,33,410909,5482,0.013341153394060001
1705,34,409484,5855,0.014298482968809001
1522,35,408182,5646,0.013832065108211
265,36,407766,5348,0.013115365184934
1300,37,407338,5030,0.012348467366167001
1078,38,406493,5052,0.012428258297190001
731,39,405752,4674,0.011519351722234
109,40,405125,4573,0.011287874112928
786,41,383774,4342,0.01131395039789
17,42,383309,4307,0.011236365438849
891,43,280063,4011,0.014321777600039002
542,44,278999,3892,0.013949870788067002
1866,45,277778,3568,0.012844789724168
1787,46,275759,3436,0.012460155425570002
1422,47,274390,3251,0.011848099420532
383,48,273817,2938,0.010729793986494
1384,49,273350,2729,0.009983537589171
1048,50,273024,2506,0.009178680262541001
1684,51,272756,2299,0.008428778835296
1498,52,272426,2233,0.008196721311475001
224,53,271990,2222,0.008169417993308
1327,54,271725,2080,0.007654798049498
1010,55,271084,2001,0.007381475852503001
632,56,270272,1929,0.007137254321572001
44,57,270026,1762,0.006525297563938001
966,58,269882,1812,0.006714045397618
568,59,269599,1835,0.006806405068268
1809,60,269342,1811,0.006723793541296001
1094,61,259250,1718,0.006626808100289001
770,62,259028,1735,0.006698117578022001
176,63,194773,1683,0.008640828040847
952,64,194064,1486,0.007657267705499001
413,65,193647,1439,0.0074310472147770005
1930,66,193292,1437,0.007434348033027001
1676,67,192775,1436,0.0074490986901820004
1511,68,192606,1372,0.007123350259078001
259,69,192374,1296,0.006736877124767
1342,70,192230,1307,0.006799146855329
1928,71,192057,1323,0.006888579952826001
1650,72,191920,1270,0.006617340558566001
1550,73,191742,1238,0.0064565927131240005
249,74,191640,1192,0.006219995825506
1361,75,191490,1268,0.0066217557052580004
1034,76,191238,1155,0.006039594641232
601,77,191120,1122,0.005870657178735
95,78,190950,1150,0.006022518984027001
981,79,190872,1187,0.006218827276918
591,80,190668,1150,0.006031426353661
944,81,185649,1029,0.005542717709225001
574,82,185555,1075,0.005793430519253
1902,83,143766,1026,0.007136596970076001
1652,84,143658,998,0.006947054810731001
1504,85,143553,954,0.006645629140456
330,86,143384,922,0.006430285108519
1276,87,143175,1073,0.0074943251265930004
1160,88,142990,928,0.00648996433317
689,89,142922,1002,0.007010817089041
164,90,142842,933,0.006531692359390001
305,91,142801,868,0.006078388806801001
1365,92,142708,839,0.0058791378198830005
1030,93,142625,861,0.006036809815950001
642,94,142490,865,0.006070601445715001
54,95,142368,750,0.005268037761294001
994,96,142120,709,0.004988741908246001
555,97,140191,794,0.0056637016641580004
1805,98,140090,773,0.005517881361981
1743,99,139926,786,0.005617254834698
1526,100,139799,784,0.005608051559739
75,101,136818,720,0.005262465465070001
983,102,136334,716,0.005251808059618001
583,103,107540,713,0.006630091128882001
1828,104,107445,641,0.005965842989436001
1752,105,107374,738,0.006873172276342001
1400,106,107289,675,0.0062914185051580005
203,107,107167,666,0.006214599643546001
1287,108,107110,645,0.0060218466996540005
1083,109,107076,635,0.005930367215809001
608,110,107030,575,0.005372325516210001
1493,111,106986,614,0.005739068663189
283,112,106861,624,0.005839361413424
1312,113,106812,642,0.0060105606111670005
1089,114,106772,649,0.006078372607050001
624,115,106653,588,0.005513206379567001
29,116,106610,602,0.005646749835850001
816,117,106499,562,0.005277044854881
586,118,106355,601,0.005650886183066001
1923,119,106297,566,0.005324703425308001
1700,120,106196,609,0.005734679272288001
1918,121,104384,546,0.005230686695278
1715,122,104077,467,0.004487062463368
1476,123,83986,516,0.006143881123044001
294,124,83967,483,0.005752259816356
1337,125,83942,502,0.005980319744585001
1142,126,83913,436,0.005195857614433
676,127,83849,467,0.005569535713007
70,128,83831,421,0.005022008564850001
898,129,83797,501,0.005978734322231001
493,130,83741,473,0.005648368182849001
618,131,83709,443,0.0052921430192690005
136,132,83634,450,0.005380586842671
831,133,83597,439,0.005251384619065
510,134,83567,466,0.005576363875692001
1894,135,83538,470,0.00562618209677
1760,136,83372,402,0.004821762702106
1433,137,83313,411,0.004933203701703
299,138,83079,428,0.005151723058775
1256,139,82972,452,0.005447620884153
1184,140,82907,392,0.004728189417057001
486,141,81721,422,0.005163911356933001
1915,142,81683,377,0.004615403449922
1673,143,66632,377,0.005657942129907
1564,144,66614,380,0.005704506560182
200,145,66576,366,0.005497476568132
1200,146,66552,457,0.0068668109147730005
1023,147,66516,359,0.005397197666726
629,148,66472,334,0.005024672042363
34,149,66429,382,0.005750500534405001
887,150,66393,335,0.005045712650430001
1099,151,66374,379,0.0057100671949850005
645,152,66366,369,0.0055600759425
131,153,66326,325,0.004900039200313001
800,154,66302,354,0.005339205453832
524,155,66286,323,0.004872823824035
1833,156,66200,308,0.00465256797583
1663,157,66174,285,0.004306827454891
1445,158,66159,328,0.004957753291313
314,159,66140,340,0.005140610825521
1251,160,66106,285,0.004311257677064
1165,161,65221,289,0.004431088146455001
657,162,65196,321,0.004923614945702
103,163,53705,272,0.005064705334698
941,164,53685,311,0.005793052062959001
415,165,53560,271,0.005059746079163
1961,166,53521,285,0.0053250126118710005
1607,167,53480,299,0.005590875093492
1545,168,53456,283,0.005294073630649001
386,169,53308,275,0.005158700382681
1281,170,53265,269,0.005050220595137001
1931,171,53246,270,0.005070803440634
1677,172,53211,248,0.004660690458739
1512,173,53202,284,0.005338145182511
260,174,53180,247,0.004644603234298
1343,175,53164,267,0.0050221954706190005
1095,176,53145,265,0.004986358076959001
771,177,53114,289,0.0054411266332790005
177,178,53072,210,0.0039568887548990005
953,179,53020,250,0.004715201810637001
414,180,53004,264,0.004980756169345
1288,181,52422,236,0.004501926672007
1084,182,52388,207,0.003951286554172
609,183,43809,200,0.0045652719760770006
76,184,43760,223,0.005095978062157
984,185,43709,257,0.005879795923036
584,186,43695,215,0.004920471449822
1829,187,43644,204,0.004674182018146
1753,188,43622,258,0.005914446838751
1401,189,43589,240,0.0055059762784180006
204,190,43563,233,0.005348575626104001
569,191,43537,215,0.004938328318441001
1810,192,43501,191,0.004390703661984001
1685,193,43490,199,0.004575764543573
1499,194,43486,164,0.00377132870349
225,195,43400,222,0.005115207373271
1328,196,43383,191,0.004402646197819
1011,197,43375,206,0.004749279538904001
633,198,43302,187,0.004318507228303001
45,199,43272,197,0.004552597522647001
967,200,43254,201,0.004646969066444
18,201,42812,175,0.004087638979725
892,202,42801,186,0.004345692857643
543,203,36058,182,0.005047423595318
1867,204,36047,207,0.0057425028435090005
1788,205,36036,171,0.004745254745254
1423,206,36010,191,0.005304082199389
384,207,35985,183,0.005085452271779
1385,208,35969,184,0.005115516138897
1049,209,35964,156,0.004337671004337
787,210,35950,188,0.005229485396383
1430,211,35935,168,0.004675107833588
394,212,35927,174,0.0048431541737410004
1262,213,35890,139,0.0038729451100580005
1017,214,35740,145,0.004057078903189001
728,215,35630,163,0.004574796519786001
62,216,35473,162,0.004566853663349001
859,217,35427,169,0.004770372879442
565,218,35398,167,0.004717780665574
1814,219,35264,142,0.0040267695099810005
1712,220,35235,137,0.0038881793671060004
677,221,34780,131,0.003766532489936
184,222,34718,149,0.004291721873379
905,223,29602,157,0.005303695696236
432,224,29525,150,0.005080440304826001
1873,225,29520,121,0.004098915989159
1722,226,29501,119,0.004033761567404
1410,227,29489,145,0.004917087727627
335,228,29478,133,0.004511839337811001
1289,229,29413,143,0.004861795804576001
1155,230,29393,121,0.004116626407648
1609,231,29342,127,0.00432826664849
1546,232,29166,148,0.005074401700610001
388,233,29072,137,0.004712438084755
1282,234,28992,142,0.004897902869757001
1166,235,28972,133,0.004590639237884
658,236,28961,115,0.003970857359897001
104,237,28948,126,0.004352632306204
942,238,28940,115,0.003973738769868
416,239,28923,129,0.004460118244995001
1962,240,28916,94,0.0032507954073860003
462,241,28609,116,0.004054668111433
1907,242,28595,113,0.0039517398146520005
1616,243,24667,113,0.004581019175416001
1575,244,24660,103,0.004176804541768
278,245,24619,107,0.004346236646492
1238,246,24604,126,0.005121118517314001
1056,247,24574,133,0.005412224302107
710,248,24549,111,0.004521569106684001
65,249,24526,127,0.005178178259805001
826,250,24452,96,0.0039260592180590005
1143,251,24390,96,0.003936039360393001
679,252,24381,110,0.004511709938066001
71,253,24376,109,0.004471611421069
899,254,24366,95,0.0038988754822290002
494,255,24349,95,0.0039015976015440005
1919,256,24286,87,0.0035823107963430002
1716,257,24279,122,0.00502491865398
1477,258,24269,98,0.004038073262186
295,259,24257,84,0.0034629179206
1338,260,24235,106,0.004373839488343001
917,261,24046,90,0.003742826249688
498,262,24040,82,0.003410981697171
1971,263,20795,90,0.004327963452753001
1600,264,20791,99,0.004761675725073001
1439,265,20783,105,0.00505220613001
345,266,20777,78,0.0037541512249120003
1317,267,20772,96,0.004621606008087
1036,268,20765,93,0.004478690103539001
737,269,20754,98,0.004721981304808
37,270,20750,82,0.0039518072289150006
1391,271,20746,92,0.004434589800443
1134,272,20742,79,0.0038086973290900003
704,273,20719,102,0.00492301752015
163,274,20702,76,0.0036711428847450004
851,275,20686,99,0.004785845499371001
516,276,20675,76,0.003675937122128
1980,277,20665,78,0.0037744979433820005
1657,278,20662,86,0.0041622301810080005
1558,279,20655,75,0.003631082062454
251,280,20651,80,0.003873904411408
1617,281,20508,69,0.0033645406670560003
1576,282,20504,76,0.0037065938353490003
279,283,17979,81,0.0045052561321540004
1239,284,17976,68,0.00378282153983
1057,285,17971,68,0.0037838740192530002
711,286,17969,63,0.00350603817686
66,287,17960,72,0.0040089086859680005
827,288,17955,68,0.003787245892509
463,289,17949,77,0.004289932586773001
1908,290,17946,61,0.00339908614733
185,291,17903,68,0.003798246104004
906,292,17872,59,0.003301253357206
433,293,17862,72,0.004030903594222
1874,294,17846,67,0.0037543427098500003
1723,295,17840,64,0.0035874439461880004
1411,296,17838,54,0.003027245206861
336,297,17827,75,0.004207101587479001
1291,298,17815,59,0.0033118158854890003
1156,299,17809,61,0.0034252344320280003
678,300,17801,62,0.0034829503960450005
1842,301,17657,68,0.0038511638443670003
1644,302,17592,65,0.0036948613005910002
1470,303,15432,59,0.0038232244686360003
234,304,15430,68,0.004406999351911
1215,305,15424,59,0.0038252074688790005
1061,306,15415,61,0.003957184560493
647,307,15192,64,0.004212743549236
157,308,15057,68,0.004516171880188
911,309,14976,61,0.004073183760683
467,310,14642,48,0.0032782406775030003
690,311,14638,59,0.004030605273944
165,312,14628,58,0.0039649986327590005
945,313,14622,48,0.003282724661469
575,314,14613,49,0.0033531786765200002
1903,315,14608,60,0.004107338444687
1653,316,14604,66,0.0045193097781420005
1505,317,14599,53,0.0036303856428520002
331,318,14587,38,0.0026050592993760004
1277,319,14578,48,0.0032926327342570005
1161,320,14571,55,0.003774620822181
1747,321,14450,54,0.0037370242214530003
1450,322,14443,67,0.004638925431004
240,323,12808,42,0.0032792004996870005
1348,324,12803,56,0.004373974849644
1066,325,12794,54,0.0042207284664680005
719,326,12793,70,0.005471742359102001
7,327,12781,39,0.0030514044284480004
862,328,12766,60,0.004699984333385
481,329,12763,42,0.003290762359946
1950,330,12756,37,0.0029005957980550003
30,331,12750,54,0.004235294117647
817,332,12748,41,0.003216190775023
587,333,12744,47,0.0036880100439420005
1924,334,12737,36,0.0028264112428350004
1701,335,12736,34,0.002669597989949
1494,336,12730,35,0.0027494108405340003
284,337,12711,50,0.003933600818188001
1313,338,12701,48,0.003779229981891
1090,339,12697,59,0.004646766952823
625,340,12689,58,0.004570888170856001
1932,341,12627,55,0.004355745624455
1678,342,12600,37,0.002936507936507
1513,343,11217,34,0.003031113488455
261,344,11211,53,0.004727499777004001
1344,345,11200,41,0.0036607142857140004
1096,346,11199,45,0.004018215912135001
772,347,11191,39,0.003484943257975
178,348,11190,32,0.002859696157283
954,349,11187,31,0.0027710735675330004
425,350,11184,39,0.0034871244635190004
643,351,11180,38,0.00339892665474
55,352,11180,35,0.0031305903398920003
996,353,11177,42,0.0037577167397330005
557,354,11173,38,0.0034010561174250002
1806,355,11173,30,0.0026850443032310004
1744,356,11168,36,0.0032234957020050004
1528,357,11166,33,0.0029554003224070004
306,358,11163,47,0.004210337722834001
1366,359,11161,39,0.0034943105456500005
1031,360,11156,34,0.003047687343133
315,361,11109,42,0.0037807183364830005
1252,362,11103,40,0.0036026299198410002
1100,363,9887,40,0.0040457165975520005
653,364,9875,43,0.0043544303797460005
132,365,9870,51,0.005167173252279
801,366,9864,33,0.003345498783454
525,367,9862,38,0.0038531737984180002
1834,368,9859,41,0.004158636778577
1664,369,9859,34,0.0034486256212590003
1446,370,9855,39,0.003957382039573
530,371,9852,47,0.004770604953308001
1967,372,9851,36,0.0036544513247380003
1736,373,9847,27,0.0027419518635110004
1553,374,9844,31,0.003149126371393
210,375,9843,22,0.002235090927562
1266,376,9842,30,0.0030481609428970003
1149,377,9836,38,0.0038633590890600005
664,378,9835,42,0.004270462633451
85,379,9834,37,0.003762456782591
806,380,9832,33,0.0033563873067530003
1447,381,9795,28,0.0028586013272070003
316,382,9792,25,0.002553104575163
1253,383,8766,33,0.0037645448323060005
1101,384,8762,23,0.002624971467701
654,385,8759,28,0.003196711953419
133,386,8752,31,0.0035420475319920004
802,387,8750,32,0.003657142857142
526,388,8749,41,0.004686249857126
1835,389,8741,26,0.002974488044846
1665,390,8726,22,0.0025212010084800004
993,391,8723,36,0.004127020520463
554,392,8720,33,0.003784403669724
1826,393,8718,21,0.002408809359944
1784,394,8717,31,0.003556269358724
1509,395,8716,32,0.0036714089031660005
257,396,8715,24,0.0027538726333900003
1363,397,8714,33,0.0037870094101440004
1045,398,8713,35,0.004016986112705
670,399,8713,25,0.0028692757947890004
155,400,8713,22,0.002524962699414
795,401,8674,19,0.0021904542310350003
58,402,8671,27,0.003113827701533
937,403,7797,29,0.0037193792484280005
409,404,7795,27,0.0034637588197560004
1817,405,7793,24,0.0030796868984980003
1756,406,7792,31,0.003978439425051
1582,407,7785,34,0.0043673731535
360,408,7782,17,0.002184528398869
1226,409,7780,20,0.0025706940874030003
1026,410,7767,24,0.003089996137504
1658,411,7750,34,0.0043870967741930006
1559,412,7732,29,0.0037506466632170003
252,413,7683,22,0.002863464792398
1392,414,7668,33,0.004303599374021
1135,415,7667,21,0.0027390113473320004
705,416,7663,23,0.0030014354691370003
169,417,7662,22,0.0028713129731140004
852,418,7661,36,0.004699125440543001
517,419,7661,22,0.00287168776922
1981,420,7657,20,0.0026119890296460004
1301,421,7624,24,0.00314795383001
1079,422,7622,25,0.003279979008134
732,423,6796,17,0.0025014714537960002
110,424,6792,32,0.004711425206124001
878,425,6790,21,0.0030927835051540002
401,426,6788,23,0.003388332351208
1898,427,6787,17,0.0025047885663760003
1706,428,6784,28,0.004127358490566
1523,429,6774,19,0.002804842043105
266,430,6770,16,0.002363367799113
1807,431,6767,21,0.003103295404167
1745,432,6767,26,0.003842175262302
1531,433,6764,26,0.0038438793613240004
307,434,6763,15,0.002217950613633
1367,435,6757,23,0.003403877460411
1032,436,6754,24,0.0035534498075210003
644,437,6749,25,0.0037042524818490003
56,438,6745,15,0.0022238695329870003
997,439,6740,21,0.0031157270029670003
558,440,6739,24,0.0035613592521140003
972,441,6725,27,0.004014869888475
549,442,6722,20,0.0029753049687590003
1936,443,6076,19,0.003127057274522
1668,444,6076,29,0.004772876892692001
1580,445,6073,21,0.003457928536143
309,446,6073,22,0.0036225917997690003
1210,447,6070,20,0.0032948929159800004
1119,448,6069,15,0.00247157686604
754,449,6068,25,0.004119973632168
24,450,6068,16,0.0026367831245880003
285,451,6067,18,0.0029668699522000003
1314,452,6063,24,0.003958436417615
1091,453,6061,22,0.003629764065335
626,454,6060,24,0.003960396039603
31,455,6060,17,0.0028052805280520004
818,456,6059,23,0.0037960059415740005
588,457,6058,14,0.002310993727302
1925,458,6057,18,0.0029717682020800004
1702,459,6055,18,0.0029727497935590004
1495,460,6055,15,0.0024772914946320002
86,461,6028,28,0.004644990046449001
807,462,6026,16,0.002655160969133
531,463,5486,13,0.0023696682464450004
1968,464,5485,18,0.003281677301731
1737,465,5484,13,0.0023705324580590003
1554,466,5483,15,0.002735728615721
211,467,5482,17,0.0031010580080260003
1267,468,5482,17,0.0031010580080260003
1150,469,5482,15,0.0027362276541400003
665,470,5482,23,0.004195549069682
1424,471,5480,14,0.0025547445255470003
385,472,5478,23,0.004198612632347
1386,473,5476,19,0.0034696859021180002
1050,474,5474,19,0.00347095359883
788,475,5474,20,0.0036536353671900003
19,476,5474,22,0.004018998903909
893,477,5471,20,0.003655638822884
544,478,5466,13,0.0023783388218070003
1868,479,5464,14,0.0025622254758410003
1789,480,5462,18,0.0032954961552540004
1565,481,5446,13,0.00238707308116
201,482,5445,25,0.004591368227731
1201,483,4953,13,0.0026246719160100004
1024,484,4952,14,0.002827140549273
630,485,4951,21,0.004241567360129
35,486,4950,17,0.0034343434343430002
888,487,4949,13,0.0026267932915740003
487,488,4949,21,0.004243281471004
1916,489,4949,7,0.001414427157001
1674,490,4949,12,0.0024247322691450003
837,491,4948,16,0.0032336297493930004
560,492,4948,18,0.003637833468067
1800,493,4945,13,0.002628918099089
1766,494,4945,19,0.003842264914054
1585,495,4943,21,0.004248432126239
377,496,4943,12,0.002427675500708
1369,497,4943,14,0.002832288084159
1124,498,4943,13,0.0026299817924330003
749,499,4942,18,0.003642250101173
150,500,4941,10,0.002023881805302
1794,501,4919,10,0.002032933523073
1590,502,4919,9,0.001829640170766
319,503,4476,9,0.002010723860589
1220,504,4474,19,0.0042467590523020005
1129,505,4473,15,0.003353454057679
694,506,4473,4,0.000894254415381176
142,507,4472,12,0.002683363148479
821,508,4471,16,0.0035786177588900004
452,509,4470,14,0.003131991051454
1879,510,4460,14,0.003139013452914
8,511,4458,15,0.0033647375504710004
863,512,4458,18,0.004037685060565
482,513,4457,12,0.0026923939869860003
1951,514,4457,16,0.0035898586493150002
1748,515,4456,15,0.003366247755834
1451,516,4456,14,0.0031418312387790004
241,517,4454,11,0.002469690166142
1349,518,4452,14,0.00314465408805
1067,519,4452,11,0.00247079964061
720,520,4444,11,0.0024752475247520004
1058,521,4434,12,0.0027063599458720003
712,522,4433,8,0.0018046469659370001
67,523,4063,13,0.0031996062023130004
828,524,4063,17,0.004184100418410001
464,525,4063,5,0.0012306177701200001
1909,526,4061,3,0.0007387343018960847
1618,527,4061,15,0.0036936715094800002
1577,528,4060,14,0.003448275862068
280,529,4059,5,0.001231830500123
1240,530,4059,14,0.003449125400344
1963,531,4058,8,0.001971414489896
1611,532,4057,13,0.003204338180921
1547,533,4057,14,0.0034508257333000004
389,534,4054,7,0.0017266896891950001
1283,535,4054,14,0.0034533793783910003
1167,536,4054,14,0.0034533793783910003
659,537,4053,10,0.0024673081667900003
105,538,4050,9,0.002222222222222
943,539,4049,11,0.0027167201778210003
417,540,4048,12,0.0029644268774700003
226,541,4036,10,0.0024777006937560003
1329,542,4035,9,0.0022304832713750003
1012,543,3709,8,0.0021569156106760004
634,544,3707,10,0.0026975991367680003
46,545,3707,10,0.0026975991367680003
968,546,3707,11,0.0029673590504450003
570,547,3705,11,0.0029689608636970003
1811,548,3705,12,0.0032388663967610003
1686,549,3702,5,0.001350621285791
1500,550,3701,5,0.00135098621994
402,551,3701,7,0.0018913807079160001
1899,552,3700,11,0.0029729729729720002
1707,553,3698,8,0.0021633315305570004
1525,554,3697,7,0.0018934271030560002
267,555,3697,11,0.0029753854476600003
1302,556,3697,14,0.0037868542061130005
1080,557,3697,8,0.002163916689207
733,558,3697,9,0.0024344062753580004
111,559,3696,6,0.001623376623376
879,560,3695,13,0.0035182679296340003
179,561,3685,8,0.0021709633649930004
955,562,3683,17,0.0046158023350520005
426,563,3390,16,0.004719764011799001
1933,564,3390,8,0.0023598820058990003
1679,565,3390,11,0.0032448377581120002
1514,566,3390,8,0.0023598820058990003
262,567,3390,7,0.0020648967551620003
1345,568,3390,7,0.0020648967551620003
1097,569,3390,9,0.0026548672566370003
773,570,3390,4,0.001179941002949
1594,571,3390,6,0.001769911504424
378,572,3387,12,0.003542958370239
1370,573,3383,13,0.0038427431274010004
1125,574,3383,9,0.002660360626662
750,575,3381,4,0.001183081928423
151,576,3380,9,0.002662721893491
838,577,3378,14,0.004144464179988001
561,578,3377,7,0.002072845721054
1801,579,3377,15,0.0044418122594010005
1767,580,3374,4,0.0011855364552450002
738,581,3363,7,0.0020814748736240002
38,582,3363,7,0.0020814748736240002
918,583,3106,5,0.001609787508048
499,584,3105,9,0.0028985507246370003
1972,585,3104,7,0.0022551546391750004
1601,586,3103,6,0.0019336126329350001
1440,587,3102,10,0.003223726627981
346,588,3102,8,0.002578981302385
1318,589,3102,7,0.0022566086395870003
1037,590,3102,5,0.00161186331399
1622,591,3101,7,0.0022573363431150004
1465,592,3098,10,0.003227888960619
357,593,3098,9,0.0029051000645570002
1204,594,3096,14,0.004521963824289
1171,595,3096,5,0.0016149870801030002
700,596,3095,12,0.0038772213247170004
1,597,3094,6,0.001939237233354
872,598,3094,13,0.004201680672268
458,599,3094,8,0.0025856496444730003
1955,600,3094,10,0.003232062055591
518,601,3081,3,0.0009737098344693282
1982,602,3081,8,0.0025965595585840003
1659,603,2847,5,0.001756234632946
1560,604,2847,9,0.0031612223393040003
253,605,2847,7,0.0024587284861250004
1393,606,2847,9,0.0031612223393040003
1136,607,2847,15,0.00526870389884
706,608,2847,8,0.0028099754127150003
170,609,2847,11,0.003863716192483
853,610,2847,12,0.004214963119072
1216,611,2847,8,0.0028099754127150003
1062,612,2846,5,0.0017568517217140002
648,613,2846,5,0.0017568517217140002
158,614,2846,6,0.002108222066057
912,615,2846,7,0.0024595924104
468,616,2846,10,0.003513703443429
1843,617,2846,8,0.002810962754743
1645,618,2846,8,0.002810962754743
1471,619,2845,6,0.002108963093145
235,620,2845,8,0.002811950790861
960,621,2841,8,0.0028159098908830003
473,622,2841,9,0.0031678986272430003
1847,623,2635,4,0.001518026565464
1694,624,2634,11,0.0041761579347
1415,625,2634,7,0.0026575550493540003
340,626,2634,5,0.001898253606681
1227,627,2634,10,0.003796507213363
1072,628,2634,8,0.0030372057706900004
600,629,2633,7,0.0026585643752370003
125,630,2633,11,0.004177744018230001
227,631,2632,4,0.001519756838905
1330,632,2632,7,0.002659574468085
1013,633,2631,5,0.00190041809198
635,634,2628,7,0.002663622526636
47,635,2628,4,0.00152207001522
969,636,2626,5,0.0019040365575010002
571,637,2626,4,0.001523229246001
1812,638,2626,5,0.0019040365575010002
1687,639,2625,8,0.0030476190476190004
1501,640,2625,8,0.0030476190476190004
474,641,2619,4,0.001527300496372
1848,642,2618,9,0.0034377387318560004
1695,643,2443,4,0.001637331150225
1416,644,2443,6,0.0024559967253370003
341,645,2440,7,0.0028688524590160004
1228,646,2439,6,0.0024600246002460004
1073,647,2439,9,0.003690036900369
603,648,2437,7,0.002872384078785
126,649,2437,5,0.002051702913418
961,650,2437,8,0.003282724661469
1278,651,2436,4,0.0016420361247940002
1162,652,2436,7,0.00287356321839
691,653,2433,6,0.002466091245376
166,654,2432,9,0.003700657894736
949,655,2431,7,0.0028794734677080004
576,656,2431,7,0.0028794734677080004
1904,657,2430,7,0.002880658436213
1654,658,2430,6,0.002469135802469
1506,659,2429,4,0.001646768217373
332,660,2428,3,0.001235584843492
950,661,2419,8,0.0033071517155840004
577,662,2419,7,0.002893757751136
1905,663,2257,3,0.0013291980505090002
1655,664,2256,6,0.002659574468085
1507,665,2256,3,0.001329787234042
333,666,2256,3,0.001329787234042
1279,667,2255,4,0.0017738359201770002
1163,668,2255,5,0.002217294900221
692,669,2255,5,0.002217294900221
167,670,2254,7,0.0031055900621110005
368,671,2254,10,0.004436557231588
1374,672,2253,6,0.002663115845539
1190,673,2253,3,0.001331557922769
776,674,2253,4,0.001775410563692
190,675,2253,2,0.000887705281846427
842,676,2253,7,0.0031069684864620003
443,677,2250,8,0.003555555555555
1885,678,2250,3,0.001333333333333
1627,679,2250,7,0.0031111111111110003
1535,680,2250,4,0.001777777777777
1738,681,2241,5,0.00223114680946
1555,682,2241,5,0.00223114680946
212,683,2118,9,0.004249291784702
1268,684,2118,6,0.0028328611898010003
1151,685,2117,2,0.0009447331128956072
666,686,2117,10,0.004723665564478
87,687,2116,8,0.0037807183364830005
808,688,2116,3,0.0014177693761810001
532,689,2115,4,0.0018912529550820002
1969,690,2114,2,0.0009460737937559131
610,691,2114,3,0.0014191106906330001
77,692,2114,3,0.0014191106906330001
985,693,2113,5,0.002366303833412
585,694,2113,4,0.0018930430667290002
1830,695,2112,7,0.003314393939393
1754,696,2112,6,0.0028409090909090003
1402,697,2112,0,0.0
205,698,2111,3,0.0014211274277590002
1290,699,2110,9,0.004265402843601
1085,700,2110,7,0.003317535545023
1983,701,2105,2,0.0009501187648456057
1660,702,2105,7,0.003325415676959
1561,703,1979,5,0.002526528549772
254,704,1978,8,0.004044489383215001
1394,705,1978,4,0.0020222446916070003
1137,706,1978,7,0.0035389282103130003
707,707,1976,9,0.004554655870445
171,708,1976,9,0.004554655870445
854,709,1976,4,0.0020242914979750003
519,710,1976,4,0.0020242914979750003
1102,711,1975,4,0.002025316455696
655,712,1975,6,0.003037974683544
134,713,1975,4,0.002025316455696
803,714,1975,4,0.002025316455696
527,715,1971,3,0.00152207001522
1836,716,1971,3,0.00152207001522
1666,717,1971,2,0.00101471334348
1448,718,1971,2,0.00101471334348
317,719,1971,2,0.00101471334348
1254,720,1971,6,0.0030441400304410003
281,721,1966,5,0.002543234994913
1241,722,1965,4,0.002035623409669
1059,723,1845,2,0.0010840108401080001
713,724,1845,9,0.004878048780487
68,725,1845,7,0.0037940379403790005
829,726,1844,4,0.002169197396963
465,727,1844,7,0.0037960954446850004
1910,728,1844,3,0.001626898047722
1619,729,1843,8,0.004340748779164
1578,730,1841,4,0.002172732210755
589,731,1841,8,0.00434546442151
1926,732,1837,5,0.002721829069134
1703,733,1837,3,0.0016330974414800001
1496,734,1837,3,0.0016330974414800001
286,735,1837,8,0.004354926510615
1315,736,1837,9,0.004899292324442001
1092,737,1831,9,0.004915346805024001
627,738,1831,2,0.0010922992900050002
32,739,1831,2,0.0010922992900050002
819,740,1831,5,0.0027307482250130003
1527,741,1828,3,0.0016411378555790002
268,742,1827,8,0.004378762999452
1303,743,1719,2,0.001163467132053
1081,744,1719,6,0.0034904013961600004
734,745,1717,2,0.001164822364589
112,746,1716,5,0.002913752913752
880,747,1716,9,0.005244755244755
403,748,1716,5,0.002913752913752
1900,749,1716,5,0.002913752913752
1708,750,1716,2,0.001165501165501
855,751,1716,2,0.001165501165501
520,752,1715,1,0.0005830903790087463
1984,753,1715,3,0.001749271137026
1661,754,1715,3,0.001749271137026
1562,755,1715,1,0.0005830903790087463
255,756,1715,2,0.001166180758017
1395,757,1715,3,0.001749271137026
1138,758,1714,6,0.003500583430571
708,759,1714,7,0.0040840140023330005
172,760,1695,1,0.0005899705014749262
1018,761,1695,2,0.001179941002949
729,762,1694,5,0.0029515938606840004
63,763,1575,2,0.001269841269841
860,764,1574,5,0.003176620076238
566,765,1573,1,0.0006357279084551812
1815,766,1573,4,0.00254291163382
1713,767,1573,1,0.0006357279084551812
1431,768,1573,3,0.001907183725365
395,769,1573,3,0.001907183725365
1263,770,1573,2,0.00127145581691
1637,771,1573,0,0.0
1457,772,1573,3,0.001907183725365
288,773,1572,3,0.001908396946564
1232,774,1572,7,0.004452926208651
1000,775,1571,4,0.0025461489497130003
743,776,1570,6,0.0038216560509550003
118,777,1570,1,0.0006369426751592356
923,778,1569,5,0.0031867431485020003
420,779,1569,2,0.0012746972594000002
1838,780,1569,4,0.0025493945188010004
1221,781,1568,1,0.0006377551020408163
1130,782,1568,2,0.001275510204081
695,783,1477,5,0.003385240352064
143,784,1476,3,0.0020325203252030003
822,785,1476,4,0.002710027100271
453,786,1476,4,0.002710027100271
1880,787,1476,3,0.0020325203252030003
1795,788,1475,2,0.001355932203389
1591,789,1474,2,0.0013568521031200001
320,790,1474,2,0.0013568521031200001
1816,791,1474,2,0.0013568521031200001
1714,792,1474,6,0.004070556309362
1432,793,1474,3,0.002035278154681
397,794,1474,2,0.0013568521031200001
1264,795,1472,4,0.0027173913043470003
1019,796,1471,2,0.001359619306594
730,797,1471,2,0.001359619306594
64,798,1471,2,0.001359619306594
861,799,1471,2,0.001359619306594
567,800,1467,5,0.0034083162917510003
1839,801,1459,0,0.0
1638,802,1459,3,0.002056202878684
1458,803,1366,3,0.002196193265007
289,804,1366,3,0.002196193265007
1233,805,1366,2,0.0014641288433380002
1001,806,1366,1,0.000732064421669107
744,807,1366,1,0.000732064421669107
119,808,1366,4,0.0029282576866760004
924,809,1366,2,0.0014641288433380002
421,810,1366,5,0.003660322108345
1157,811,1366,0,0.0
683,812,1366,0,0.0
186,813,1366,0,0.0
907,814,1366,4,0.0029282576866760004
434,815,1365,2,0.001465201465201
1875,816,1365,1,0.0007326007326007326
1724,817,1365,4,0.002930402930402
1412,818,1365,0,0.0
337,819,1365,7,0.005128205128205001
1293,820,1365,0,0.0
422,821,1366,7,0.005124450951683001
1840,822,1366,2,0.0014641288433380002
1639,823,1259,2,0.0015885623510720002
1459,824,1259,0,0.0
290,825,1259,3,0.002382843526608
1234,826,1259,3,0.002382843526608
1002,827,1259,0,0.0
745,828,1259,1,0.0007942811755361397
120,829,1259,1,0.0007942811755361397
925,830,1259,3,0.002382843526608
1371,831,1259,3,0.002382843526608
1126,832,1259,2,0.0015885623510720002
751,833,1258,3,0.002384737678855
152,834,1258,3,0.002384737678855
839,835,1258,4,0.003179650238473
562,836,1257,2,0.001591089896579
1802,837,1257,0,0.0
1768,838,1256,4,0.0031847133757960003
1595,839,1256,6,0.004777070063694
379,840,1256,2,0.0015923566878980001
1536,841,1258,3,0.002384737678855
369,842,1258,2,0.0015898251192360002
1375,843,1199,6,0.005004170141784
1191,844,1197,5,0.004177109440267
777,845,1197,3,0.00250626566416
191,846,1197,5,0.004177109440267
843,847,1197,3,0.00250626566416
444,848,1197,4,0.0033416875522130005
1886,849,1197,2,0.0016708437761060002
1628,850,1197,3,0.00250626566416
809,851,1197,1,0.0008354218880534671
533,852,1197,2,0.0016708437761060002
1970,853,1197,2,0.0016708437761060002
1739,854,1197,2,0.0016708437761060002
1556,855,1197,6,0.00501253132832
213,856,1197,5,0.004177109440267
1269,857,1196,8,0.006688963210702
1152,858,1196,4,0.003344481605351
667,859,1196,1,0.0008361204013377925
88,860,1196,3,0.0025083612040130003
1749,861,1195,4,0.0033472803347280003
1452,862,1195,5,0.004184100418410001
242,863,1128,2,0.0017730496453900002
1350,864,1128,0,0.0
1068,865,1128,3,0.002659574468085
721,866,1128,1,0.0008865248226950355
9,867,1128,4,0.0035460992907800004
864,868,1128,6,0.00531914893617
483,869,1126,4,0.003552397868561
1952,870,1126,0,0.0
144,871,1126,2,0.00177619893428
823,872,1125,3,0.002666666666666
454,873,1125,4,0.003555555555555
1881,874,1125,1,0.0008888888888888889
1796,875,1124,4,0.003558718861209
1592,876,1119,4,0.003574620196604
321,877,1118,0,0.0
1222,878,1118,2,0.0017889087656520002
1131,879,1118,2,0.0017889087656520002
696,880,1118,3,0.002683363148479
1205,881,1113,6,0.005390835579514
1172,882,1113,5,0.004492362982929
701,883,1043,1,0.0009587727708533077
2,884,1043,3,0.002876318312559
873,885,1043,2,0.0019175455417060003
459,886,1043,2,0.0019175455417060003
1956,887,1043,1,0.0009587727708533077
1623,888,1043,1,0.0009587727708533077
1466,889,1043,2,0.0019175455417060003
359,890,1043,4,0.003835091083413
1831,891,1043,2,0.0019175455417060003
1755,892,1043,3,0.002876318312559
1403,893,1043,2,0.0019175455417060003
206,894,1042,7,0.006717850287907
1292,895,1042,1,0.0009596928982725529
1086,896,1042,3,0.002879078694817
611,897,1042,0,0.0
78,898,1042,5,0.004798464491362
986,899,1042,1,0.0009596928982725529
593,900,1041,3,0.002881844380403
347,901,1034,2,0.0019342359767890002
1319,902,1034,1,0.0009671179883945841
1038,903,978,3,0.0030674846625760002
739,904,978,3,0.0030674846625760002
39,905,978,1,0.001022494887525
919,906,976,1,0.001024590163934
500,907,976,1,0.001024590163934
1973,908,976,0,0.0
1602,909,974,1,0.001026694045174
1441,910,969,3,0.0030959752321980004
404,911,967,3,0.0031023784901750002
1901,912,967,5,0.005170630816959
1709,913,967,5,0.005170630816959
1529,914,961,3,0.0031217481789800002
269,915,961,8,0.008324661810613001
1304,916,961,7,0.007284079084287001
1082,917,961,4,0.004162330905306
735,918,961,4,0.004162330905306
113,919,959,3,0.003128258602711
881,920,959,0,0.0
48,921,955,2,0.002094240837696
970,922,955,1,0.001047120418848
572,923,898,2,0.0022271714922040002
1813,924,898,2,0.0022271714922040002
1688,925,898,1,0.0011135857461020001
1502,926,897,3,0.003344481605351
228,927,897,2,0.0022296544035670003
1331,928,896,1,0.001116071428571
1014,929,896,2,0.002232142857142
636,930,895,3,0.0033519553072620003
1425,931,895,2,0.0022346368715080002
387,932,895,0,0.0
1387,933,895,0,0.0
1051,934,893,3,0.003359462486002
789,935,893,2,0.0022396416573340003
20,936,892,2,0.002242152466367
894,937,892,3,0.0033632286995510003
545,938,892,2,0.002242152466367
1869,939,892,0,0.0
1790,940,892,5,0.005605381165919
1074,941,889,3,0.0033745781777270003
604,942,887,5,0.0056369785794810005
127,943,842,0,0.0
962,944,842,2,0.002375296912114
475,945,842,2,0.002375296912114
1849,946,842,4,0.004750593824228
1696,947,842,4,0.004750593824228
1417,948,842,2,0.002375296912114
342,949,842,2,0.002375296912114
1229,950,842,4,0.004750593824228
1624,951,842,3,0.0035629453681710003
1467,952,842,1,0.001187648456057
361,953,842,2,0.002375296912114
1206,954,842,0,0.0
1173,955,842,0,0.0
702,956,841,1,0.001189060642092
3,957,841,1,0.001189060642092
874,958,841,2,0.002378121284185
460,959,841,1,0.001189060642092
1957,960,841,0,0.0
602,961,843,4,0.004744958481613
96,962,843,1,0.0011862396204030002
982,963,798,0,0.0
592,964,798,1,0.00125313283208
1929,965,798,0,0.0
1651,966,798,3,0.00375939849624
1551,967,798,3,0.00375939849624
250,968,798,1,0.00125313283208
1362,969,798,0,0.0
1035,970,798,1,0.00125313283208
1581,971,798,1,0.00125313283208
310,972,798,1,0.00125313283208
1211,973,798,3,0.00375939849624
1120,974,798,2,0.00250626566416
755,975,798,1,0.00125313283208
25,976,798,2,0.00250626566416
973,977,798,1,0.00125313283208
550,978,796,2,0.00251256281407
1938,979,796,1,0.001256281407035
1669,980,796,1,0.001256281407035
1003,981,794,2,0.002518891687657
746,982,794,4,0.005037783375314
121,983,750,3,0.004
926,984,750,0,0.0
423,985,749,2,0.0026702269692920003
1841,986,749,0,0.0
1640,987,749,0,0.0
1460,988,749,3,0.0040053404539380005
291,989,748,1,0.001336898395721
1235,990,748,2,0.002673796791443
1797,991,748,3,0.004010695187165
1593,992,747,2,0.0026773761713520003
322,993,747,3,0.004016064257028
1223,994,746,1,0.0013404825737260001
1132,995,746,0,0.0
697,996,746,0,0.0
145,997,746,2,0.0026809651474530003
824,998,746,4,0.005361930294906001
455,999,744,1,0.001344086021505
1882,1000,741,2,0.0026990553306340003
511,1001,737,1,0.0013568521031200001
1895,1002,737,1,0.0013568521031200001
1761,1003,696,1,0.001436781609195
1434,1004,696,1,0.001436781609195
300,1005,696,2,0.00287356321839
1257,1006,696,1,0.001436781609195
1185,1007,696,1,0.001436781609195
619,1008,695,0,0.0
137,1009,695,0,0.0
832,1010,694,0,0.0
1270,1011,694,3,0.004322766570605
1153,1012,694,2,0.002881844380403
668,1013,694,0,0.0
89,1014,694,4,0.005763688760806
810,1015,694,2,0.002881844380403
534,1016,694,2,0.002881844380403
1986,1017,694,1,0.0014409221902010002
1740,1018,694,0,0.0
1557,1019,693,2,0.0028860028860020004
214,1020,693,0,0.0
49,1021,693,0,0.0
971,1022,692,2,0.002890173410404
573,1023,668,1,0.001497005988023
1821,1024,668,0,0.0
1689,1025,668,1,0.001497005988023
1503,1026,668,4,0.005988023952095
229,1027,668,1,0.001497005988023
1332,1028,668,0,0.0
1015,1029,668,0,0.0
637,1030,668,0,0.0
334,1031,667,0,0.0
1280,1032,666,0,0.0
1164,1033,666,2,0.0030030030030030004
693,1034,666,0,0.0
168,1035,666,1,0.0015015015015010002
951,1036,665,2,0.0030075187969920004
578,1037,665,2,0.0030075187969920004
1906,1038,665,3,0.004511278195488
1656,1039,665,2,0.0030075187969920004
1508,1040,665,3,0.004511278195488
1717,1041,663,1,0.001508295625942
1478,1042,663,1,0.001508295625942
296,1043,629,1,0.0015898251192360002
1339,1044,629,0,0.0
1144,1045,629,2,0.003179650238473
680,1046,629,0,0.0
72,1047,629,1,0.0015898251192360002
900,1048,629,1,0.0015898251192360002
495,1049,629,0,0.0
1920,1050,629,2,0.003179650238473
722,1051,629,2,0.003179650238473
10,1052,628,2,0.0031847133757960003
865,1053,628,2,0.0031847133757960003
484,1054,628,1,0.0015923566878980001
1953,1055,628,0,0.0
1750,1056,628,2,0.0031847133757960003
1453,1057,628,2,0.0031847133757960003
243,1058,628,2,0.0031847133757960003
1351,1059,628,1,0.0015923566878980001
1069,1060,628,0,0.0
1844,1061,627,0,0.0
1646,1062,627,1,0.001594896331738
1472,1063,600,1,0.0016666666666660002
236,1064,600,0,0.0
1217,1065,600,1,0.0016666666666660002
1063,1066,600,2,0.003333333333333
649,1067,600,3,0.005
159,1068,600,4,0.006666666666666
913,1069,600,1,0.0016666666666660002
469,1070,600,1,0.0016666666666660002
1168,1071,600,2,0.003333333333333
660,1072,600,0,0.0
106,1073,600,1,0.0016666666666660002
946,1074,600,0,0.0
418,1075,600,1,0.0016666666666660002
1964,1076,600,1,0.0016666666666660002
1612,1077,600,0,0.0
1548,1078,600,1,0.0016666666666660002
392,1079,600,1,0.0016666666666660002
1284,1080,600,3,0.005
219,1081,599,1,0.001669449081803
1271,1082,599,0,0.0
1154,1083,578,0,0.0
669,1084,578,2,0.0034602076124560003
90,1085,578,0,0.0
811,1086,577,0,0.0
535,1087,577,0,0.0
1987,1088,577,0,0.0
1741,1089,577,4,0.006932409012131001
1568,1090,577,1,0.0017331022530320001
882,1091,577,1,0.0017331022530320001
405,1092,577,0,0.0
1939,1093,577,1,0.0017331022530320001
1710,1094,577,0,0.0
1530,1095,577,1,0.0017331022530320001
270,1096,577,1,0.0017331022530320001
1308,1097,577,0,0.0
1108,1098,576,2,0.0034722222222220004
736,1099,576,1,0.0017361111111110002
114,1100,575,4,0.0069565217391300005
1596,1101,575,1,0.001739130434782
380,1102,575,1,0.001739130434782
1372,1103,554,1,0.0018050541516240002
1127,1104,554,3,0.005415162454873001
752,1105,554,0,0.0
153,1106,554,1,0.0018050541516240002
840,1107,554,0,0.0
563,1108,554,1,0.0018050541516240002
1803,1109,554,0,0.0
1769,1110,553,0,0.0
180,1111,553,1,0.001808318264014
956,1112,553,3,0.005424954792043001
427,1113,553,0,0.0
1934,1114,553,1,0.001808318264014
1680,1115,553,1,0.001808318264014
1515,1116,553,0,0.0
263,1117,553,2,0.003616636528028
1346,1118,553,5,0.009041591320072
1098,1119,553,1,0.001808318264014
774,1120,553,1,0.001808318264014
844,1121,553,0,0.0
445,1122,553,1,0.001808318264014
1887,1123,525,2,0.0038095238095230003
1629,1124,525,0,0.0
1538,1125,525,1,0.001904761904761
370,1126,525,3,0.0057142857142850004
1376,1127,525,3,0.0057142857142850004
1192,1128,525,1,0.001904761904761
778,1129,525,0,0.0
192,1130,525,1,0.001904761904761
220,1131,525,0,0.0
1272,1132,525,2,0.0038095238095230003
1177,1133,525,1,0.001904761904761
672,1134,525,1,0.001904761904761
91,1135,525,1,0.001904761904761
812,1136,525,1,0.001904761904761
536,1137,525,0,0.0
1988,1138,525,2,0.0038095238095230003
1742,1139,525,2,0.0038095238095230003
1569,1140,525,1,0.001904761904761
612,1141,524,3,0.005725190839694001
79,1142,524,1,0.001908396946564
987,1143,504,3,0.0059523809523800006
594,1144,504,2,0.003968253968253
1832,1145,504,1,0.001984126984126
1778,1146,504,0,0.0
1404,1147,504,0,0.0
207,1148,504,1,0.001984126984126
1294,1149,504,0,0.0
1087,1150,504,4,0.007936507936507001
1563,1151,504,1,0.001984126984126
256,1152,504,0,0.0
1396,1153,504,1,0.001984126984126
1139,1154,504,2,0.003968253968253
709,1155,504,1,0.001984126984126
173,1156,503,3,0.005964214711729
856,1157,503,0,0.0
521,1158,503,1,0.001988071570576
1997,1159,503,1,0.001988071570576
1662,1160,503,0,0.0
1974,1161,500,1,0.002
1603,1162,500,0,0.0
1442,1163,483,0,0.0
348,1164,483,2,0.004140786749482
1320,1165,483,1,0.002070393374741
1039,1166,483,0,0.0
740,1167,483,0,0.0
40,1168,483,0,0.0
920,1169,483,1,0.002070393374741
501,1170,483,1,0.002070393374741
1088,1171,483,0,0.0
613,1172,483,0,0.0
80,1173,483,4,0.008281573498964
988,1174,483,0,0.0
595,1175,483,1,0.002070393374741
1853,1176,482,1,0.00207468879668
1779,1177,482,0,0.0
1405,1178,482,3,0.006224066390041001
208,1179,482,1,0.00207468879668
1296,1180,482,1,0.00207468879668
512,1181,482,1,0.00207468879668
1896,1182,482,0,0.0
1762,1183,457,1,0.002188183807439
1435,1184,457,1,0.002188183807439
301,1185,457,1,0.002188183807439
1258,1186,457,0,0.0
1186,1187,457,0,0.0
620,1188,457,4,0.008752735229759001
138,1189,457,0,0.0
833,1190,457,3,0.006564551422319
1377,1191,457,0,0.0
1193,1192,457,3,0.006564551422319
779,1193,457,2,0.004376367614879
193,1194,457,2,0.004376367614879
845,1195,457,2,0.004376367614879
446,1196,457,0,0.0
1888,1197,457,0,0.0
1630,1198,457,0,0.0
1539,1199,457,0,0.0
371,1200,457,1,0.002188183807439
1418,1201,457,1,0.002188183807439
343,1202,457,0,0.0
1230,1203,439,0,0.0
1075,1204,439,0,0.0
605,1205,439,0,0.0
128,1206,439,0,0.0
963,1207,439,2,0.004555808656036
476,1208,439,1,0.002277904328018
1850,1209,439,1,0.002277904328018
1697,1210,439,0,0.0
4,1211,439,0,0.0
875,1212,439,0,0.0
461,1213,439,0,0.0
1958,1214,439,0,0.0
1625,1215,439,0,0.0
1468,1216,439,1,0.002277904328018
363,1217,439,0,0.0
1207,1218,439,1,0.002277904328018
1174,1219,439,0,0.0
703,1220,439,0,0.0
1641,1221,439,1,0.002277904328018
1461,1222,439,1,0.002277904328018
292,1223,424,1,0.0023584905660370002
1236,1224,424,0,0.0
1004,1225,424,3,0.007075471698113
747,1226,424,1,0.0023584905660370002
122,1227,424,2,0.0047169811320750005
927,1228,424,1,0.0023584905660370002
424,1229,424,0,0.0
1859,1230,423,0,0.0
741,1231,423,1,0.0023640661938530002
41,1232,423,0,0.0
921,1233,422,0,0.0
504,1234,422,0,0.0
1975,1235,422,1,0.0023696682464450004
1604,1236,422,0,0.0
1443,1237,422,0,0.0
349,1238,422,1,0.0023696682464450004
1321,1239,422,0,0.0
1040,1240,422,1,0.0023696682464450004
1242,1241,420,1,0.0023809523809520004
1060,1242,420,0,0.0
714,1243,411,0,0.0
69,1244,411,4,0.009732360097323001
830,1245,411,0,0.0
466,1246,411,0,0.0
1911,1247,411,0,0.0
1620,1248,411,0,0.0
1579,1249,411,0,0.0
282,1250,411,0,0.0
1870,1251,411,0,0.0
1791,1252,411,0,0.0
1426,1253,411,1,0.00243309002433
390,1254,411,0,0.0
1388,1255,411,1,0.00243309002433
1052,1256,411,1,0.00243309002433
790,1257,411,1,0.00243309002433
21,1258,411,3,0.0072992700729920005
895,1259,411,0,0.0
546,1260,411,3,0.0072992700729920005
221,1261,410,0,0.0
1273,1262,410,0,0.0
1178,1263,397,1,0.002518891687657
673,1264,397,0,0.0
92,1265,397,0,0.0
813,1266,397,1,0.002518891687657
537,1267,397,2,0.005037783375314
1989,1268,397,0,0.0
1771,1269,397,0,0.0
1570,1270,397,2,0.005037783375314
447,1271,397,1,0.002518891687657
1889,1272,397,0,0.0
1631,1273,397,2,0.005037783375314
1540,1274,397,0,0.0
372,1275,397,2,0.005037783375314
1378,1276,397,0,0.0
1194,1277,396,2,0.005050505050505001
780,1278,396,1,0.0025252525252520003
194,1279,396,1,0.0025252525252520003
846,1280,396,0,0.0
311,1281,396,1,0.0025252525252520003
1212,1282,396,2,0.005050505050505001
1121,1283,378,2,0.005291005291005
756,1284,378,1,0.002645502645502
26,1285,378,2,0.005291005291005
974,1286,378,0,0.0
551,1287,378,1,0.002645502645502
1940,1288,378,0,0.0
1670,1289,378,0,0.0
1586,1290,378,1,0.002645502645502
496,1291,378,0,0.0
1921,1292,378,0,0.0
1718,1293,378,1,0.002645502645502
1479,1294,378,1,0.002645502645502
297,1295,378,0,0.0
1340,1296,378,0,0.0
1145,1297,378,0,0.0
681,1298,378,1,0.002645502645502
73,1299,378,0,0.0
901,1300,378,0,0.0
1473,1301,379,0,0.0
237,1302,379,1,0.0026385224274400004
1218,1303,362,1,0.002762430939226
1064,1304,362,0,0.0
650,1305,362,0,0.0
160,1306,362,0,0.0
914,1307,362,0,0.0
470,1308,362,0,0.0
1845,1309,362,0,0.0
1647,1310,362,1,0.002762430939226
977,1311,362,0,0.0
579,1312,362,2,0.005524861878453
1822,1313,362,1,0.002762430939226
1690,1314,362,2,0.005524861878453
1519,1315,362,0,0.0
230,1316,362,0,0.0
1333,1317,362,1,0.002762430939226
1016,1318,362,0,0.0
638,1319,362,0,0.0
50,1320,362,1,0.002762430939226
1027,1321,362,0,0.0
796,1322,361,2,0.005540166204986
59,1323,341,2,0.005865102639296
938,1324,341,1,0.002932551319648
410,1325,341,0,0.0
1818,1326,341,1,0.002932551319648
1757,1327,341,0,0.0
1583,1328,341,0,0.0
362,1329,341,0,0.0
1243,1330,341,2,0.005865102639296
1605,1331,341,1,0.002932551319648
1444,1332,341,0,0.0
350,1333,341,1,0.002932551319648
1322,1334,341,1,0.002932551319648
1041,1335,341,1,0.002932551319648
742,1336,341,0,0.0
42,1337,341,0,0.0
922,1338,341,0,0.0
505,1339,341,0,0.0
1992,1340,341,1,0.002932551319648
1352,1341,342,2,0.005847953216374001
1070,1342,342,1,0.0029239766081870003
723,1343,329,1,0.0030395136778110002
11,1344,329,1,0.0030395136778110002
866,1345,329,0,0.0
485,1346,329,1,0.0030395136778110002
1954,1347,329,1,0.0030395136778110002
1751,1348,329,0,0.0
1454,1349,329,0,0.0
244,1350,329,0,0.0
1941,1351,329,1,0.0030395136778110002
1711,1352,329,0,0.0
1532,1353,329,0,0.0
271,1354,329,0,0.0
1309,1355,329,0,0.0
1109,1356,329,0,0.0
759,1357,329,1,0.0030395136778110002
115,1358,329,0,0.0
884,1359,329,0,0.0
406,1360,329,0,0.0
867,1361,329,1,0.0030395136778110002
489,1362,329,1,0.0030395136778110002
1976,1363,322,0,0.0
1774,1364,322,1,0.0031055900621110005
1455,1365,322,0,0.0
245,1366,322,0,0.0
1353,1367,322,0,0.0
1071,1368,322,0,0.0
724,1369,322,0,0.0
12,1370,322,0,0.0
365,1371,322,1,0.0031055900621110005
1244,1372,322,0,0.0
1028,1373,322,0,0.0
797,1374,322,0,0.0
60,1375,322,0,0.0
939,1376,322,0,0.0
411,1377,322,1,0.0031055900621110005
1819,1378,322,0,0.0
1758,1379,322,0,0.0
1584,1380,322,1,0.0031055900621110005
748,1381,321,1,0.003115264797507
123,1382,321,0,0.0
928,1383,310,0,0.0
437,1384,310,0,0.0
1860,1385,310,0,0.0
1642,1386,310,0,0.0
1462,1387,310,0,0.0
293,1388,310,0,0.0
1237,1389,310,0,0.0
1005,1390,310,0,0.0
1520,1391,310,0,0.0
231,1392,310,0,0.0
1334,1393,310,0,0.0
1020,1394,310,1,0.0032258064516120003
639,1395,310,0,0.0
51,1396,310,0,0.0
978,1397,310,0,0.0
580,1398,310,0,0.0
1823,1399,310,1,0.0032258064516120003
1691,1400,310,0,0.0
1854,1401,310,1,0.0032258064516120003
1780,1402,310,0,0.0
1406,1403,300,0,0.0
215,1404,300,0,0.0
1297,1405,300,0,0.0
1112,1406,300,0,0.0
614,1407,300,1,0.003333333333333
81,1408,300,0,0.0
989,1409,300,0,0.0
596,1410,299,2,0.006688963210702
1122,1411,299,2,0.006688963210702
757,1412,299,1,0.003344481605351
27,1413,299,0,0.0
975,1414,299,0,0.0
552,1415,299,1,0.003344481605351
1945,1416,299,0,0.0
1671,1417,299,0,0.0
1587,1418,299,0,0.0
312,1419,299,2,0.006688963210702
1213,1420,299,1,0.003344481605351
506,1421,297,0,0.0
1993,1422,297,1,0.0033670033670030004
1606,1423,287,2,0.006968641114982001
1483,1424,287,0,0.0
351,1425,287,2,0.006968641114982001
1323,1426,287,0,0.0
1042,1427,287,0,0.0
762,1428,287,0,0.0
43,1429,287,0,0.0
929,1430,287,0,0.0
1347,1431,287,0,0.0
1116,1432,287,0,0.0
775,1433,287,0,0.0
181,1434,287,0,0.0
957,1435,287,0,0.0
428,1436,287,1,0.0034843205574910004
1944,1437,287,0,0.0
1681,1438,286,0,0.0
1516,1439,286,0,0.0
264,1440,286,0,0.0
1285,1441,287,0,0.0
1169,1442,287,0,0.0
661,1443,279,0,0.0
107,1444,279,0,0.0
947,1445,279,0,0.0
419,1446,279,0,0.0
1965,1447,279,0,0.0
1614,1448,279,1,0.003584229390681
1549,1449,279,0,0.0
393,1450,279,0,0.0
1927,1451,279,0,0.0
1704,1452,279,0,0.0
1497,1453,279,0,0.0
287,1454,279,0,0.0
1316,1455,279,0,0.0
1093,1456,279,0,0.0
628,1457,279,0,0.0
33,1458,279,1,0.003584229390681
820,1459,279,0,0.0
590,1460,279,0,0.0
222,1461,277,1,0.0036101083032490005
1274,1462,277,1,0.0036101083032490005
1179,1463,272,0,0.0
674,1464,272,0,0.0
93,1465,272,1,0.0036764705882350005
814,1466,272,0,0.0
538,1467,272,0,0.0
1990,1468,272,0,0.0
1772,1469,272,0,0.0
1571,1470,272,0,0.0
547,1471,272,1,0.0036764705882350005
1871,1472,272,1,0.0036764705882350005
1792,1473,272,0,0.0
1427,1474,272,0,0.0
391,1475,272,0,0.0
1389,1476,272,0,0.0
1053,1477,272,0,0.0
791,1478,272,0,0.0
22,1479,272,1,0.0036764705882350005
896,1480,272,0,0.0
174,1481,271,0,0.0
857,1482,271,0,0.0
522,1483,262,0,0.0
1998,1484,262,0,0.0
1731,1485,262,1,0.003816793893129
1573,1486,262,0,0.0
274,1487,262,0,0.0
1397,1488,262,0,0.0
1140,1489,262,1,0.003816793893129
717,1490,262,0,0.0
1436,1491,262,0,0.0
302,1492,262,1,0.003816793893129
1259,1493,262,0,0.0
1187,1494,262,0,0.0
621,1495,262,0,0.0
139,1496,262,1,0.003816793893129
834,1497,262,1,0.003816793893129
513,1498,262,1,0.003816793893129
1912,1499,262,0,0.0
1763,1500,262,0,0.0
1146,1501,262,0,0.0
682,1502,262,0,0.0
74,1503,254,0,0.0
902,1504,254,0,0.0
497,1505,254,0,0.0
1922,1506,254,0,0.0
1719,1507,254,0,0.0
1480,1508,254,1,0.003937007874015
298,1509,254,0,0.0
1341,1510,254,0,0.0
1770,1511,254,1,0.003937007874015
1597,1512,254,1,0.003937007874015
381,1513,254,0,0.0
1373,1514,254,0,0.0
1128,1515,254,0,0.0
753,1516,254,1,0.003937007874015
154,1517,254,0,0.0
841,1518,254,0,0.0
564,1519,254,0,0.0
1804,1520,254,0,0.0
448,1521,254,0,0.0
1890,1522,254,0,0.0
1632,1523,241,0,0.0
1541,1524,241,1,0.00414937759336
373,1525,241,0,0.0
1379,1526,241,1,0.00414937759336
1195,1527,241,1,0.00414937759336
781,1528,241,0,0.0
195,1529,241,0,0.0
847,1530,241,1,0.00414937759336
1358,1531,241,1,0.00414937759336
1105,1532,241,2,0.008298755186721001
725,1533,241,0,0.0
13,1534,241,0,0.0
868,1535,240,0,0.0
490,1536,240,1,0.0041666666666660005
1977,1537,240,0,0.0
1775,1538,240,2,0.008333333333333
1456,1539,240,1,0.0041666666666660005
246,1540,240,1,0.0041666666666660005
964,1541,238,0,0.0
477,1542,238,0,0.0
1851,1543,232,1,0.004310344827586
1698,1544,232,0,0.0
1419,1545,232,0,0.0
344,1546,232,0,0.0
1231,1547,232,0,0.0
1076,1548,232,0,0.0
606,1549,232,0,0.0
129,1550,232,1,0.004310344827586
202,1551,232,1,0.004310344827586
1202,1552,232,0,0.0
1025,1553,231,0,0.0
631,1554,231,1,0.004329004329004
36,1555,231,1,0.004329004329004
889,1556,231,0,0.0
488,1557,231,0,0.0
1917,1558,231,0,0.0
1675,1559,231,1,0.004329004329004
1566,1560,230,0,0.0
1692,1561,230,0,0.0
1521,1562,230,0,0.0
232,1563,222,1,0.0045045045045040005
1335,1564,221,0,0.0
1021,1565,221,0,0.0
640,1566,221,2,0.009049773755656
52,1567,221,0,0.0
979,1568,221,0,0.0
581,1569,221,1,0.004524886877828
1824,1570,221,0,0.0
766,1571,221,0,0.0
124,1572,221,0,0.0
933,1573,221,1,0.004524886877828
438,1574,221,2,0.009049773755656
1861,1575,221,1,0.004524886877828
1643,1576,220,0,0.0
1463,1577,220,1,0.0045454545454540005
324,1578,219,0,0.0
1247,1579,219,0,0.0
1006,1580,219,1,0.0045662100456620005
1913,1581,218,0,0.0
1764,1582,218,0,0.0
1437,1583,212,0,0.0
303,1584,212,0,0.0
1260,1585,212,0,0.0
1188,1586,212,0,0.0
622,1587,212,1,0.0047169811320750005
140,1588,212,0,0.0
835,1589,212,0,0.0
514,1590,212,0,0.0
1029,1591,212,0,0.0
798,1592,212,0,0.0
61,1593,212,0,0.0
940,1594,212,1,0.0047169811320750005
412,1595,212,1,0.0047169811320750005
1820,1596,212,2,0.009433962264150001
1759,1597,212,0,0.0
1589,1598,212,1,0.0047169811320750005
367,1599,212,0,0.0
1245,1600,212,0,0.0
1799,1601,213,0,0.0
1599,1602,213,0,0.0
399,1603,209,0,0.0
1399,1604,209,2,0.00956937799043
1199,1605,209,0,0.0
799,1606,208,1,0.004807692307692
199,1607,208,2,0.009615384615384
999,1608,208,1,0.004807692307692
540,1609,208,2,0.009615384615384
1884,1610,208,0,0.0
715,1611,208,0,0.0
5,1612,208,0,0.0
876,1613,208,0,0.0
478,1614,208,0,0.0
1959,1615,208,0,0.0
1626,1616,208,0,0.0
1469,1617,208,0,0.0
364,1618,208,0,0.0
1208,1619,208,0,0.0
1175,1620,207,1,0.004830917874396001
1808,1621,205,0,0.0
1746,1622,205,0,0.0
1533,1623,198,1,0.005050505050505001
308,1624,198,0,0.0
1368,1625,198,0,0.0
1033,1626,198,0,0.0
646,1627,198,0,0.0
57,1628,198,1,0.005050505050505001
998,1629,198,1,0.005050505050505001
559,1630,198,0,0.0
1065,1631,198,1,0.005050505050505001
651,1632,198,0,0.0
161,1633,198,0,0.0
915,1634,198,0,0.0
471,1635,198,0,0.0
1846,1636,198,0,0.0
1648,1637,198,1,0.005050505050505001
1474,1638,198,0,0.0
238,1639,198,0,0.0
1219,1640,198,0,0.0
325,1641,199,0,0.0
1248,1642,199,0,0.0
1007,1643,183,0,0.0
767,1644,182,1,0.0054945054945050005
147,1645,182,1,0.0054945054945050005
934,1646,182,0,0.0
439,1647,182,0,0.0
1862,1648,182,0,0.0
1728,1649,182,0,0.0
1489,1650,182,0,0.0
935,1651,182,1,0.0054945054945050005
440,1652,182,0,0.0
1863,1653,182,0,0.0
1729,1654,182,1,0.0054945054945050005
1490,1655,182,0,0.0
326,1656,182,0,0.0
1249,1657,182,0,0.0
1008,1658,182,0,0.0
768,1659,182,0,0.0
148,1660,182,1,0.0054945054945050005
1491,1661,183,0,0.0
327,1662,183,0,0.0
1250,1663,177,0,0.0
1009,1664,177,0,0.0
769,1665,177,0,0.0
149,1666,177,0,0.0
936,1667,177,0,0.0
441,1668,177,0,0.0
1864,1669,177,0,0.0
1730,1670,177,0,0.0
156,1671,177,0,0.0
995,1672,177,0,0.0
556,1673,177,0,0.0
1827,1674,177,0,0.0
1785,1675,177,0,0.0
1510,1676,177,0,0.0
258,1677,177,1,0.005649717514124001
1364,1678,177,1,0.005649717514124001
1046,1679,177,1,0.005649717514124001
671,1680,177,1,0.005649717514124001
1113,1681,176,0,0.0
615,1682,176,0,0.0
82,1683,173,0,0.0
990,1684,173,0,0.0
597,1685,173,0,0.0
1855,1686,173,0,0.0
1781,1687,173,0,0.0
1407,1688,173,1,0.005780346820809
216,1689,173,1,0.005780346820809
1305,1690,173,0,0.0
1608,1691,173,0,0.0
1484,1692,173,0,0.0
355,1693,173,2,0.011560693641618
1324,1694,173,0,0.0
1043,1695,173,1,0.005780346820809
763,1696,173,0,0.0
97,1697,173,1,0.005780346820809
930,1698,173,0,0.0
507,1699,173,1,0.005780346820809
1994,1700,173,0,0.0
1306,1701,173,1,0.005780346820809
1114,1702,173,0,0.0
616,1703,170,0,0.0
83,1704,170,0,0.0
991,1705,170,0,0.0
598,1706,168,0,0.0
1856,1707,168,1,0.0059523809523800006
1782,1708,168,0,0.0
1408,1709,168,0,0.0
217,1710,168,0,0.0
1891,1711,168,1,0.0059523809523800006
1633,1712,168,0,0.0
1542,1713,168,1,0.0059523809523800006
374,1714,168,0,0.0
1380,1715,168,0,0.0
1196,1716,168,0,0.0
782,1717,168,0,0.0
196,1718,168,1,0.0059523809523800006
848,1719,168,0,0.0
449,1720,168,0,0.0
116,1721,167,0,0.0
885,1722,167,0,0.0
407,1723,161,1,0.006211180124223
1942,1724,161,0,0.0
1733,1725,161,0,0.0
1534,1726,161,0,0.0
272,1727,161,0,0.0
1310,1728,161,0,0.0
1110,1729,161,0,0.0
760,1730,161,0,0.0
276,1731,161,0,0.0
1356,1732,161,0,0.0
1117,1733,161,0,0.0
793,1734,161,0,0.0
182,1735,161,0,0.0
958,1736,161,0,0.0
429,1737,161,0,0.0
1946,1738,161,0,0.0
1682,1739,161,2,0.012422360248447001
1517,1740,161,1,0.006211180124223
758,1741,160,0,0.0
28,1742,160,0,0.0
976,1743,158,0,0.0
553,1744,158,0,0.0
1948,1745,158,0,0.0
1672,1746,158,0,0.0
1588,1747,158,0,0.0
313,1748,158,1,0.0063291139240500005
1214,1749,158,0,0.0
1123,1750,158,0,0.0
1413,1751,158,0,0.0
338,1752,158,0,0.0
1295,1753,158,0,0.0
1158,1754,158,0,0.0
685,1755,158,0,0.0
187,1756,158,0,0.0
908,1757,158,0,0.0
435,1758,158,0,0.0
1876,1759,158,0,0.0
1725,1760,158,0,0.0
1414,1761,157,0,0.0
339,1762,157,0,0.0
1298,1763,154,1,0.006493506493506
1159,1764,154,0,0.0
687,1765,154,0,0.0
188,1766,154,0,0.0
909,1767,154,0,0.0
436,1768,154,0,0.0
1877,1769,154,0,0.0
1726,1770,154,0,0.0
98,1771,154,0,0.0
931,1772,154,0,0.0
508,1773,154,0,0.0
1995,1774,154,0,0.0
1610,1775,154,0,0.0
1485,1776,154,0,0.0
356,1777,154,0,0.0
1325,1778,154,2,0.012987012987012
1044,1779,154,0,0.0
764,1780,154,0,0.0
1773,1781,154,0,0.0
1572,1782,154,1,0.006493506493506
223,1783,149,0,0.0
1275,1784,149,0,0.0
1180,1785,149,0,0.0
675,1786,149,0,0.0
94,1787,149,0,0.0
815,1788,149,0,0.0
539,1789,149,0,0.0
1991,1790,149,0,0.0
652,1791,149,0,0.0
162,1792,149,0,0.0
916,1793,149,3,0.020134228187919
472,1794,149,2,0.013422818791946001
1858,1795,149,0,0.0
1649,1796,149,0,0.0
1475,1797,149,0,0.0
239,1798,149,2,0.013422818791946001
1225,1799,149,0,0.0
1104,1800,149,0,0.0
1299,1801,149,0,0.0
1181,1802,148,0,0.0
688,1803,143,0,0.0
189,1804,143,0,0.0
910,1805,143,0,0.0
442,1806,143,0,0.0
1878,1807,143,1,0.006993006993006001
1727,1808,143,0,0.0
1429,1809,143,0,0.0
352,1810,143,0,0.0
1825,1811,143,0,0.0
1693,1812,143,0,0.0
1524,1813,143,0,0.0
233,1814,143,0,0.0
1336,1815,143,0,0.0
1022,1816,143,0,0.0
641,1817,143,0,0.0
53,1818,143,0,0.0
980,1819,143,0,0.0
582,1820,143,0,0.0
398,1821,142,0,0.0
1390,1822,142,0,0.0
1054,1823,138,0,0.0
792,1824,138,1,0.007246376811594001
23,1825,138,0,0.0
897,1826,138,0,0.0
548,1827,138,0,0.0
1872,1828,138,0,0.0
1793,1829,138,0,0.0
1428,1830,138,1,0.007246376811594001
430,1831,138,1,0.007246376811594001
1947,1832,138,0,0.0
1683,1833,138,0,0.0
1518,1834,138,0,0.0
277,1835,138,0,0.0
1357,1836,138,0,0.0
1118,1837,138,0,0.0
794,1838,138,0,0.0
183,1839,138,0,0.0
959,1840,138,1,0.007246376811594001
718,1841,137,0,0.0
175,1842,137,0,0.0
858,1843,131,0,0.0
523,1844,131,0,0.0
1999,1845,131,1,0.0076335877862590005
1732,1846,131,0,0.0
1574,1847,131,0,0.0
275,1848,131,0,0.0
1398,1849,131,0,0.0
1141,1850,131,0,0.0
1567,1851,131,1,0.0076335877862590005
396,1852,131,0,0.0
1286,1853,131,0,0.0
1182,1854,131,0,0.0
662,1855,131,1,0.0076335877862590005
108,1856,131,0,0.0
948,1857,131,0,0.0
431,1858,131,1,0.0076335877862590005
1985,1859,131,0,0.0
1615,1860,131,0,0.0
1147,1861,131,0,0.0
684,1862,131,0,0.0
100,1863,123,0,0.0
903,1864,123,1,0.008130081300813
502,1865,123,0,0.0
1935,1866,123,0,0.0
1720,1867,123,0,0.0
1481,1868,123,0,0.0
328,1869,123,0,0.0
1354,1870,123,0,0.0
1634,1871,123,0,0.0
1543,1872,123,0,0.0
375,1873,123,1,0.008130081300813
1381,1874,123,0,0.0
1197,1875,123,0,0.0
783,1876,123,0,0.0
197,1877,123,0,0.0
849,1878,123,0,0.0
450,1879,123,0,0.0
1892,1880,123,0,0.0
479,1881,123,0,0.0
1960,1882,123,0,0.0
1636,1883,119,0,0.0
1492,1884,119,0,0.0
366,1885,119,0,0.0
1209,1886,119,0,0.0
1183,1887,119,0,0.0
716,1888,119,0,0.0
6,1889,119,0,0.0
883,1890,119,1,0.008403361344537001
1224,1891,119,0,0.0
1133,1892,119,0,0.0
698,1893,119,0,0.0
146,1894,119,0,0.0
825,1895,119,0,0.0
456,1896,119,0,0.0
1883,1897,119,0,0.0
1798,1898,119,0,0.0
1598,1899,119,0,0.0
323,1900,119,0,0.0
130,1901,119,0,0.0
965,1902,119,0,0.0
480,1903,114,2,0.017543859649122
1852,1904,114,0,0.0
1699,1905,114,0,0.0
1420,1906,113,0,0.0
353,1907,113,0,0.0
1246,1908,113,0,0.0
1077,1909,113,1,0.008849557522123
607,1910,113,0,0.0
318,1911,113,0,0.0
1255,1912,113,0,0.0
1103,1913,113,0,0.0
656,1914,113,0,0.0
135,1915,113,1,0.008849557522123
804,1916,113,0,0.0
528,1917,113,1,0.008849557522123
1837,1918,113,0,0.0
1667,1919,113,0,0.0
1449,1920,113,0,0.0
869,1921,112,0,0.0
491,1922,112,0,0.0
1978,1923,109,0,0.0
1776,1924,109,0,0.0
1487,1925,109,0,0.0
247,1926,109,0,0.0
1359,1927,109,1,0.009174311926605
1106,1928,109,0,0.0
726,1929,109,1,0.009174311926605
14,1930,109,0,0.0
1311,1931,109,0,0.0
1111,1932,109,0,0.0
761,1933,109,1,0.009174311926605
117,1934,109,2,0.018348623853211
886,1935,109,0,0.0
408,1936,109,0,0.0
1943,1937,109,0,0.0
1734,1938,109,0,0.0
1537,1939,109,0,0.0
273,1940,109,1,0.009174311926605
99,1941,109,0,0.0
932,1942,109,1,0.009174311926605
509,1943,105,0,0.0
1996,1944,105,0,0.0
1613,1945,105,1,0.009523809523809
1486,1946,105,0,0.0
358,1947,105,0,0.0
1326,1948,105,1,0.009523809523809
1055,1949,105,0,0.0
765,1950,105,1,0.009523809523809
218,1951,105,0,0.0
1307,1952,105,0,0.0
1115,1953,105,1,0.009523809523809
617,1954,105,0,0.0
102,1955,105,0,0.0
992,1956,105,0,0.0
599,1957,105,0,0.0
1857,1958,105,0,0.0
1783,1959,105,0,0.0
1409,1960,105,0,0.0
1635,1961,105,1,0.009523809523809
1544,1962,105,0,0.0
376,1963,104,0,0.0
1382,1964,104,1,0.009615384615384
1198,1965,104,0,0.0
784,1966,104,0,0.0
198,1967,104,1,0.009615384615384
850,1968,104,0,0.0
451,1969,104,1,0.009615384615384
1893,1970,104,0,0.0
686,1971,104,0,0.0
101,1972,104,0,0.0
904,1973,104,0,0.0
503,1974,104,0,0.0
1937,1975,104,0,0.0
1721,1976,104,0,0.0
1482,1977,104,0,0.0
329,1978,104,0,0.0
1355,1979,104,0,0.0
1176,1980,104,0,0.0
515,1981,104,1,0.009615384615384
1914,1982,104,0,0.0
1765,1983,13,0,0.0
1438,1984,12,0,0.0
304,1985,12,0,0.0
1261,1986,12,0,0.0
1189,1987,12,0,0.0
623,1988,12,0,0.0
141,1989,12,0,0.0
836,1990,12,2,0.16666666666666602
1107,1991,12,0,0.0
727,1992,12,0,0.0
15,1993,11,1,0.09090909090909001
870,1994,11,2,0.18181818181818102
492,1995,11,0,0.0
1979,1996,11,0,0.0
1777,1997,9,0,0.0
1488,1998,9,0,0.0
248,1999,9,3,0.33333333333333304
1360,2000,9,5,0.555555555555555
